"bin","ID","time_start_sec","time_end_sec","Distance_m","Mean_speed_m_s","Max_speed_m_s","Time_immobile_s","Immobile_episodes","Absolute_turn_angle_deg","Meander_deg_per_m","Bottom_entries","Bottom_time_s","Middle_entries","Middle_time_s","Top_entries","Top_time_s","Mean_dist_from_bottom_m","Acceleration_episodes_500ms","Acceleration_time_s","Tortuosity_episodes_1s","Tortuosity_time_s","Zone_count","IM_time_s","IM_episodes","NB_time_s","NB_episodes","HS_time_s","HS_episodes","TR_time_s","TR_episodes"
1,1,0,300,14.5413657529462,0.0484746247379455,0.130293571521055,60.1333333333333,1,20447.374575082,1406.05348919637,36,224.7,59,50.6,23,21.7,0.0206414795773155,45,36.1,12,8.16666666666667,3,4.53333333333333,5,227.433333333333,72,41.0666666666667,45,26.9666666666667,37
1,2,0,300,18.2308689635169,0.0607695632117229,0.134090251665357,32.6666666666667,1,37827.4918708654,2074.91436346587,49,144.633333333333,105,63.9333333333333,56,88,0.041101826930799,80,56.2,20,14.6333333333333,3,33.1666666666667,1,131.666666666667,62,124.266666666667,66,10.9,16
1,3,0,300,23.4809607602095,0.0782698692006984,0.149608862769125,0,0,34811.2793929836,1482.53215651952,30,234.4,52,41.9666666666667,22,20.6333333333333,0.0211894542879058,105,84.3666666666667,18,9.8,3,0,0,187.166666666667,97,77.7,75,35.1333333333333,38
1,4,0,300,26.2478018278991,0.0874926727596635,0.167263139647587,0,0,47803.645495209,1821.24376771231,45,136.133333333333,99,69.2666666666667,54,91.5666666666667,0.0426089225286804,156,132.3,33,23.4333333333333,3,0,0,120.266666666667,81,156.566666666667,85,23.1666666666667,30
1,5,0,300,14.9762574812318,0.0499406927756936,0.115717710790546,11.5666666666667,2,19957.8563207414,1332.10382231989,30,174.133333333333,48,83.9,18,38.9666666666667,0.0302420107220464,17,12.3333333333333,7,3.66666666666667,3,0.966666666666667,2,236.966666666667,83,23.5666666666667,31,38.5,46
1,6,0,300,7.19265677224814,0.0239755225741605,0.0920863544233099,0,0,2843.59059708522,395.346349356863,5,205.033333333333,9,22.5,4,66.5,0.0304697914831533,0,0,1,0.5,3,0.733333333333333,1,286.8,29,8.2,16,4.26666666666667,7
1,7,0,300,21.8244275828016,0.0727480919426719,0.185010329502121,0,0,37330.4973137023,1710.49147438442,38,102.233333333333,95,103.333333333333,57,91.4333333333333,0.04701883168736,83,67.2666666666667,19,14.5333333333333,3,0,0,188.366666666667,92,102.6,80,9.03333333333333,13
1,8,0,300,11.8664935769424,0.0395549785898081,0.111601896142425,9.9,3,13667.2121336653,1151.74815922218,13,160.6,22,26.7333333333333,9,109.666666666667,0.043039407647983,21,14.8666666666667,5,2.93333333333333,3,37.3333333333333,13,222.266666666667,56,21.4,26,19,27
1,9,0,300,23.1530452323999,0.0771768174413329,0.163623699235492,0,0,40357.8233027036,1743.0892091131,71,104.066666666667,153,87.0333333333333,83,104.8,0.0485982849897163,137,115.133333333333,32,20.9333333333333,3,0,0,115.366666666667,107,162.4,111,22.2333333333333,28
1,10,0,300,13.4353078727196,0.0447843595757321,0.0924728273612992,0,0,21399.0090545647,1592.74422717289,35,227.3,48,53.3,12,16.4,0.023856298517659,5,2.7,18,11.6333333333333,3,0,0,258.633333333333,46,35.5,37,5.86666666666667,7
1,11,0,300,11.6827163024989,0.0389423876749964,0.0965832056503506,0,0,27439.4454074336,2348.72136727007,29,251.366666666667,42,30.5666666666667,13,14.5666666666667,0.0164461181786202,5,3.13333333333333,37,25.3333333333333,3,0,0,180.233333333333,43,109.833333333333,46,9.93333333333333,12
1,12,0,300,6.09707067311382,0.0203235689103794,0.115455663757315,130.433333333333,3,8912.22651590381,1461.72268515829,3,286.566666666667,6,5.73333333333333,3,4.7,0.00517629988093045,2,1.06666666666667,3,1.8,3,143.8,3,137.9,26,15.1666666666667,16,3.13333333333333,7
1,13,0,300,20.0901364331222,0.0669671214437407,0.161607190551109,0,0,30900.6237174108,1538.09924687547,37,206.266666666667,70,36.8,33,51.5333333333333,0.0286253771223484,92,87.1,19,10.8333333333333,3,0,0,191,86,85.8666666666667,66,23.1333333333333,31
1,14,0,300,16.427106771642,0.0547570225721399,0.115889527685342,18.6,2,26421.8652657823,1608.43084744504,48,184.933333333333,65,56.7666666666667,17,55.3,0.0332588018810683,52,43.3,11,7.76666666666667,3,22.1333333333333,5,193.666666666667,73,66.2,64,18,24
1,15,0,300,4.80452964116277,0.0160150988038759,0.094881554869269,0,0,3772.46840558871,785.189953511395,18,59.4,30,70.7333333333333,12,166.866666666667,0.0642103478073082,0,0,1,0.5,3,0,0,290.633333333333,18,5.13333333333333,8,4.23333333333333,6
1,16,0,300,22.4123246490303,0.0747077488301011,0.134481606603199,0,0,52837.7461091247,2357.5308200531,58,128.2,127,65.6666666666667,69,102.566666666667,0.0455271955204759,105,80.4666666666667,56,44.9,3,0,0,113.233333333333,68,150.766666666667,77,36,47
1,17,0,300,15.1174033193346,0.0503913443977819,0.109715830617357,0,0,24914.4714470545,1648.06553882107,44,207.933333333333,61,68.7,17,20.3666666666667,0.0279814393734275,34,27.1333333333333,12,7.43333333333333,3,0,0,245.566666666667,54,43.9,41,10.5333333333333,16
1,18,0,300,20.1367403279469,0.0671224677598229,0.142739143136697,0,0,43267.5183128363,2148.68531888388,39,137.9,81,58.1333333333333,42,100.8,0.0428258184539616,82,64.6333333333333,49,35.9666666666667,3,0,0,138.933333333333,80,152.666666666667,80,8.4,13
1,19,0,300,7.01243173588344,0.0233747724529448,0.0885277010140815,0,0,8527.57659833585,1216.06554181472,8,134.733333333333,13,16.1666666666667,5,146.1,0.0521935049296724,1,0.666666666666667,4,2.2,3,4.6,5,286.1,25,5.3,8,4,6
1,20,0,300,16.4120148060594,0.054706716020198,0.0988301870446892,0,0,20364.9729297107,1240.85757723006,17,172.3,36,58.8,19,65.9,0.0342727157316407,28,17.3,12,8.2,3,0,0,276.7,32,19.7333333333333,22,3.56666666666667,5
1,21,0,300,18.3134309827386,0.061044769942462,0.162962154220186,0,0,27581.957629522,1506.10541823209,14,182.633333333333,37,37.2333333333333,23,77.1333333333333,0.0307648134769067,66,55.9,16,11.5,3,0,0,226.5,65,56.8333333333333,45,16.6666666666667,19
1,22,0,300,11.5079831329801,0.0383599437766003,0.179539708873642,34.6666666666667,4,16068.6092263365,1396.30107557999,2,296.166666666667,2,0.833333333333333,0,0,0.00616585254492636,41,27.3666666666667,11,7.4,3,37.6333333333333,9,243.966666666667,37,17.3666666666667,20,1.03333333333333,2
1,23,0,300,13.2882538431012,0.0442941794770039,0.113136046307281,0,0,16910.7346868249,1272.60773962445,28,129,66,63.0666666666667,38,104.933333333333,0.0444834455660228,19,11.4666666666667,14,9.06666666666667,3,0,0,212.366666666667,74,55.0333333333333,53,32.6,42
1,24,0,300,10.6019572906279,0.0353398576354263,0.223190620972978,120.966666666667,1,22338.1390842315,2106.98255726595,0,297,0,0,0,0,0.00415666242824162,46,31.0333333333333,25,15.1666666666667,3,124.2,2,121.066666666667,40,54.4,39,0.333333333333333,1
1,25,0,300,4.51227087108367,0.0150409029036122,0.0828947483126745,92.8333333333333,13,5063.38267915429,1122.13624221949,5,184.9,9,20.4,4,91.0666666666667,0.0359122282756911,3,1.6,2,1.56666666666667,3,112.933333333333,24,175.733333333333,39,4.83333333333333,7,6.5,8
1,26,0,300,2.22757093145361,0.00742523643817869,0.0932766047700183,145.666666666667,18,1514.04086946813,679.682450551705,1,195.4,5,29.5666666666667,4,71.8333333333333,0.0296841129630462,1,0.533333333333333,2,1.06666666666667,3,189.466666666667,12,105.966666666667,22,1.3,3,3.26666666666667,6
1,27,0,300,13.4711296687953,0.0449037655626511,0.0886480762437336,23.6666666666667,1,14556.6990633965,1080.58488198772,21,145.2,53,58.6333333333333,32,93.1666666666667,0.039314800789982,11,8.33333333333333,16,9.06666666666667,3,25.6,1,217.933333333333,65,10.3333333333333,15,46.1333333333333,52
1,28,0,300,5.35031086015994,0.0178343695338665,0.0802936442190243,0,0,4915.45872119311,918.723948882136,22,90.4333333333333,39,74.0333333333333,17,132.533333333333,0.0555073860529212,1,0.5,1,0.5,3,3.83333333333333,4,286.466666666667,21,0.666666666666667,1,9.03333333333333,14
1,29,0,300,1.98592969598222,0.00661976565327407,0.0538218870526506,50.9,0,2790.70502173209,1405.23857787012,2,280.666666666667,3,10,1,6.33333333333333,0.00912163199831549,0,0,0,0,3,42.4666666666667,15,254.8,22,1.6,3,1.13333333333333,1
1,30,0,300,18.7691681479384,0.0625638938264614,0.13111116725306,0,0,34657.6348496179,1846.51949284309,26,172.533333333333,55,68.4333333333333,28,56.0333333333333,0.0359707807153432,46,28.9666666666667,38,26.2,3,0,0,233.4,67,60.2666666666667,58,6.33333333333333,7
1,31,0,300,0.802976679390475,0.00267658893130158,0.128702003808536,250.466666666667,5,2271.16612811894,2828.4334855689,0,297,0,0,0,0,0.0024780557805239,0,0,0,0,3,257.433333333333,9,40,12,2.56666666666667,4,0,0
1,32,0,300,15.9340176675044,0.0531133922250148,0.138683769145032,0,0,32496.1999298732,2039.42286295724,29,158.6,71,52.6333333333333,42,85.7666666666667,0.0395571167911921,38,27.9666666666667,38,28.3333333333333,3,0,0,194.6,72,91.7,58,13.7,20
1,33,0,300,11.8110417332983,0.0393701391109943,0.173397152268543,0,0,20629.816496579,1746.65511835577,19,249.8,24,42.8666666666667,4,4.33333333333333,0.0165773710867644,12,7.53333333333333,16,11.4666666666667,3,0,0,260.8,41,34.9666666666667,34,4.23333333333333,6
1,34,0,300,9.99880317164849,0.033329343905495,0.103111794749487,0,0,16251.1382160957,1625.30834312007,27,206.2,45,53.7666666666667,18,37.0333333333333,0.0271717354344214,1,0.6,9,6.5,3,0,0,258.2,37,34.1,29,7.7,10
1,35,0,300,12.8478358874556,0.0428261196248518,0.095832104648814,0,0,21436.3526951583,1668.47964769603,9,243.6,19,27.6666666666667,9,25.7333333333333,0.0205771419850591,5,2.8,12,7.03333333333333,3,0,0,273.033333333333,38,24.2666666666667,28,2.7,5
1,36,0,300,12.2896805800106,0.0409656019333688,0.136070884477315,0,0,19549.1861743143,1590.69929011103,23,228,38,42.7666666666667,15,26.2333333333333,0.0227880486752567,13,8.93333333333333,9,5.83333333333333,3,0,0,256.2,53,36.2666666666667,38,7.53333333333333,8
1,37,0,300,6.72024270086669,0.022400809002889,0.195651778103501,72.6666666666667,11,11853.4578595164,1763.84371623777,2,290.366666666667,3,3.8,1,2.83333333333333,0.00886377098316776,12,10.5333333333333,4,2.66666666666667,3,103.6,22,185.566666666667,39,10.8333333333333,12,0,0
1,38,0,300,14.983246966807,0.0499441565560234,0.121293828169723,0,0,25074.089180999,1673.47499754537,31,164.533333333333,67,84.9333333333333,36,47.5333333333333,0.0346809370456782,18,12,15,10.1333333333333,3,0,0,198.366666666667,90,67.2666666666667,68,34.3666666666667,43
1,39,0,300,12.6418531150058,0.0421395103833526,0.134678147324145,0,0,16791.4149225041,1328.23999533524,18,201.3,42,43.4666666666667,24,52.2333333333333,0.0263290007165767,20,13.7333333333333,14,8.83333333333333,3,0,0,224.766666666667,88,44.0333333333333,46,31.2,41
1,40,0,300,4.61795343560297,0.0153931781186766,0.277862467187021,157.4,9,12518.5524080108,2710.84422625328,0,297,0,0,0,0,0.00415331504664983,21,16.9666666666667,15,10.1333333333333,3,169.533333333333,19,95.0666666666667,43,33.5333333333333,29,1.86666666666667,5
1,41,0,300,9.10716488232582,0.0303572162744194,0.17896900006337,67.7,8,20160.4460426153,2213.69068234841,12,219.033333333333,29,31.2666666666667,17,46.7,0.0233357802167747,36,27.1666666666667,21,16.2333333333333,3,98.2666666666667,14,164.866666666667,51,27.5333333333333,24,9.33333333333333,12
1,42,0,300,21.9096666038646,0.0730322220128821,0.197350021630594,0,0,31531.5732209883,1439.16262127998,0,297,0,0,0,0,0.00492378386553746,113,85.4666666666667,16,12.2,3,0,0,239.033333333333,93,36.1666666666667,46,24.8,35
1,43,0,300,15.8507900176904,0.0528359667256347,0.146626376730264,0,0,25459.2247439611,1606.18017875116,24,197.066666666667,51,36.8666666666667,27,63.0666666666667,0.0286790984637038,29,23.6,22,14.2333333333333,3,0,0,252.133333333333,46,34.6666666666667,37,13.2,18
1,44,0,300,5.2675182539807,0.0175583941799357,0.302858672714707,223.066666666667,2,12691.7175509506,2409.43019824552,0,297,0,0,0,0,0.00334182646853543,53,43.0666666666667,9,6.2,3,168.7,32,72.6333333333333,34,27.4333333333333,31,31.2333333333333,28
1,45,0,300,21.6984812387298,0.0723282707957659,0.194556926800793,0,0,47049.0404049021,2168.31030187145,0,297,0,0,0,0,0.00525823951419074,106,80.5333333333333,32,21.9,3,2.03333333333333,1,197.3,66,92.8333333333333,66,7.83333333333333,11
1,46,0,300,25.2448370169884,0.0841494567232946,0.254350478067761,0,0,54927.3055947846,2175.78372788945,61,214,89,71.8,28,11.2,0.0242580023236319,104,135.066666666667,61,55.1333333333333,3,0,0,197.333333333333,76,96.6333333333333,73,6.03333333333333,9
1,47,0,300,4.79851190482137,0.0159950396827379,0.26804875853478,230.233333333333,3,16619.3566372633,3463.43970107998,0,297,0,0,0,0,0.00256129636703657,38,32.5666666666667,30,23.8666666666667,3,237.9,3,8.03333333333333,8,53.6333333333333,10,0.433333333333333,1
1,48,0,300,14.7951807390762,0.0493172691302541,0.239254461085306,90.4,2,41048.2401471719,2774.43316652141,30,266.533333333333,47,21.4333333333333,16,9.03333333333333,0.0109581478252873,73,60.9333333333333,49,45.5,3,83.7666666666667,7,100.9,61,101.9,54,13.4333333333333,19
1,49,0,300,18.751366846957,0.0625045561565234,0.158789682857875,0,0,44465.0851395651,2371.29834334082,38,178.533333333333,96,65.1666666666667,58,53.3,0.0315451036411881,79,54.6666666666667,64,49.4333333333333,3,0.266666666666667,0,162.633333333333,73,125.5,67,11.6,19
1,50,0,300,23.1586718386994,0.0771955727956645,0.232948133301166,0,0,54955.2632101597,2372.98855447861,11,282.266666666667,23,10.3333333333333,12,4.4,0.00906991787603725,138,107.7,29,25.5,3,0,0,196.466666666667,88,95.8666666666667,79,7.66666666666667,15
1,51,0,300,26.7084504383608,0.0890281681278692,0.262499873092999,0,0,58301.6197881717,2182.89038979343,40,187.266666666667,112,60.0666666666667,71,49.6666666666667,0.0296741568162451,160,172.433333333333,61,48.7333333333333,3,3.86666666666667,4,161.4,80,131.166666666667,78,3.56666666666667,4
1,52,0,300,19.2204329811285,0.0640681099370952,0.184058098322502,0,0,31465.9951629652,1637.11167141031,0,297,0,0,0,0,0.00218719358018766,92,65.8,11,8.13333333333333,3,3.03333333333333,4,254.466666666667,58,28.9666666666667,29,13.5333333333333,21
1,53,0,300,11.9647944308832,0.0398826481029439,0.11499956927991,0,0,13878.2896657149,1159.9271300385,29,95.0666666666667,53,60.4666666666667,25,141.466666666667,0.0553186195657869,11,7.8,10,6.83333333333333,3,0,0,260.4,68,14.2,17,25.4,42
1,54,0,300,5.30708291682259,0.0176902763894086,0.122763401282322,0,0,13295.6087444703,2505.25739899888,32,161.833333333333,38,71.3,5,63.8666666666667,0.0372283613021392,2,1.03333333333333,30,22.4333333333333,3,13.2,16,207.4,89,42.5333333333333,44,36.8666666666667,47
1,55,0,300,21.6085305957261,0.072028435319087,0.140531228124568,0,0,45477.5399240756,2104.61047883887,54,152.733333333333,112,77.4666666666667,58,66.8,0.0379342099139629,92,78.6666666666667,52,40.0666666666667,3,0,0,178.233333333333,83,98.4666666666667,67,23.3,35
1,56,0,300,10.0004886273239,0.0333349620910796,0.18570744628311,0,0,18350.4183072067,1834.95216994385,27,199.533333333333,38,80.6,10,16.8666666666667,0.0264180196506943,9,5.83333333333333,16,9.83333333333333,3,0.7,2,239.666666666667,79,47.4,55,12.2333333333333,18
1,57,0,300,20.5007993734498,0.0683359979114995,0.139406122754875,0,0,36794.1429636662,1794.76625732543,43,195.633333333333,80,61.9666666666667,37,39.4,0.0304064982013177,88,82.8666666666667,13,9.16666666666667,3,0,0,211.166666666667,87,75.4,66,13.4333333333333,19
1,58,0,300,12.1734673192952,0.0405782243976507,0.104996655923815,0,0,21149.5369936193,1737.34700549093,45,179.766666666667,71,97.6,26,19.6333333333333,0.0298363025227214,24,17.5666666666667,17,11.0333333333333,3,2.5,4,207.266666666667,66,63.4,49,26.8333333333333,36
1,59,0,300,16.7799861987114,0.055933287329038,0.143684133440915,0,0,30499.1868699446,1817.59308433083,35,202.033333333333,62,58.5333333333333,27,36.4333333333333,0.0298459857120817,53,49.1,28,20.2,3,2.96666666666667,3,233.633333333333,62,52.7,48,10.7,15
1,60,0,300,11.1367549352448,0.0371225164508158,0.214754959972876,0,0,15678.9093909813,1407.85259998511,17,277.833333333333,19,19.0333333333333,1,0.133333333333333,0.0150031153623347,26,21.0333333333333,15,9.33333333333333,3,1.86666666666667,2,265.333333333333,54,17.3666666666667,20,15.4333333333333,26
1,61,0,300,2.54825591117175,0.00849418637057251,0.126740394857263,51.4333333333333,2,3481.07192257002,1366.06057001918,5,280.1,5,16.9,0,0,0.012752430397091,3,1.7,4,2.1,3,126.733333333333,45,171.133333333333,49,1.76666666666667,2,0.366666666666667,0
1,62,0,300,7.58581153503322,0.0252860384501107,0.122590702117202,0,0,9397.47835179063,1238.82307230949,21,175.9,30,85.9666666666667,9,35.1333333333333,0.0326194519660905,11,6.83333333333333,4,2.73333333333333,3,11.8,10,266.533333333333,50,12.5666666666667,18,9.1,13
1,63,0,300,11.6551507782523,0.0481617800754226,0.121027823072423,0,0,19613.7769419369,1682.84197391379,20,211.233333333333,25,24.3333333333333,5,4,0.0168077642548326,21,14.5333333333333,16,9.36666666666667,3,3.8,4,204.8,54,17.4,23,15.9666666666667,26
1,64,0,300,7.93044731302033,0.0327704434422328,0.0859984686242349,0,0,6848.17882531342,863.529956761705,17,68.4666666666667,43,114.2,26,56.9,0.0467688976268009,1,0.566666666666667,1,0.566666666666667,3,9.26666666666667,10,221.2,34,7.06666666666667,9,4.43333333333333,7
1,65,0,300,6.80506855134826,0.0226835618378275,0.174284115673424,69.4333333333333,1,10895.4776599262,1601.08271911052,21,161,36,77.5333333333333,15,58.4666666666667,0.0343365668413549,10,9.76666666666667,9,5.23333333333333,3,64.5666666666667,5,207.866666666667,42,18.6333333333333,21,8.93333333333333,15
1,66,0,300,10.8371017082591,0.0361236723608638,0.103160664320973,0,0,19925.0972541114,1838.60018947005,22,185.533333333333,41,74.7333333333333,19,36.7333333333333,0.0301692472489818,4,2.13333333333333,22,15.3,3,0,0,254.233333333333,57,26.9666666666667,36,18.8,25
1,67,0,300,5.09494933599367,0.0169831644533122,0.209246174076547,191.7,1,9266.65775916313,1818.79291589773,0,297,0,0,0,0,0.00354344371273642,9,7,2,1.16666666666667,3,192.166666666667,1,101.933333333333,10,5.9,8,0,0
1,68,0,300,11.4412522709048,0.0381375075696827,0.0972781635549556,0,0,22431.4256251022,1960.5743404632,36,187.466666666667,56,95.6,19,13.9333333333333,0.0294920792284195,5,3.9,27,18.2666666666667,3,1.13333333333333,1,238.666666666667,77,37.6666666666667,43,22.5333333333333,33
1,69,0,300,12.3003036348587,0.0410010121161955,0.217514698602444,26.4,9,26373.1733683095,2144.10750752272,33,202.666666666667,57,61.2333333333333,24,32.7333333333333,0.0281951487420958,61,53.4,29,20.4,3,91.7666666666667,24,142.033333333333,69,57.6666666666667,42,8.53333333333333,10
1,70,0,300,23.0701019166249,0.0769003397220829,0.310948651110033,0,0,57747.3261004062,2503.12401345709,49,187.533333333333,102,56.9,52,52.5333333333333,0.0345552553515327,128,100.8,63,52.6333333333333,3,0,0,134.233333333333,77,155.233333333333,84,10.5333333333333,16
1,71,0,300,9.85194113996758,0.0328398037998919,0.113272326775828,24.9333333333333,1,7331.71332642676,744.18972081383,4,53.6666666666667,11,7.4,7,196.233333333333,0.0790467013138123,9,5.8,1,0.666666666666667,3,28.8,4,247.633333333333,49,2.83333333333333,5,20.7333333333333,32
1,72,0,300,12.9330061867789,0.0431100206225965,0.151365844393316,0,0,16858.9050849833,1303.55656229545,20,206.033333333333,37,41.5333333333333,17,49.4333333333333,0.0303089797716388,20,12.6333333333333,9,4.96666666666667,3,0.266666666666667,0,270.133333333333,48,15.3,19,14.3,22
1,73,0,300,16.8937302605838,0.0563124342019459,0.213009461048056,43.9666666666667,2,23479.7107116778,1389.84761503268,0,297,0,0,0,0,0.00544470926520301,84,77.8333333333333,6,3.03333333333333,3,49.7666666666667,6,217.366666666667,43,32.8666666666667,36,0,0
1,74,0,300,12.7876805377815,0.0426256017926049,0.211120087143324,64.3,1,26990.2971921702,2110.64837852547,19,274.7,24,18.5,4,3.8,0.0129695379774752,59,45.5666666666667,22,22.1333333333333,3,69.2666666666667,5,179.266666666667,42,46.4333333333333,33,5.03333333333333,8
1,75,0,300,24.2392356154695,0.0807974520515651,0.208788892707483,0,0,60955.8675363369,2514.76030446417,53,155.4,110,83.3666666666667,57,58.2333333333333,0.0365112580957437,118,103.5,73,65.3666666666667,3,0,0,165.166666666667,74,130.366666666667,75,4.46666666666667,5
1,76,0,300,12.8690414535491,0.0428968048451637,0.105378072469953,0,0,18664.7743595819,1450.36243973201,41,169.666666666667,66,98.9333333333333,24,28.4,0.032217464180732,15,10,19,12,3,0,0,237,73,34.3333333333333,39,28.6666666666667,39
1,77,0,300,7.64316062038777,0.0254772020679593,0.144642694677725,159.766666666667,0,10693.1909669851,1399.05354578857,4,275.233333333333,9,13.2,5,8.56666666666667,0.00905719503416414,18,10.8333333333333,11,6.46666666666667,3,160.233333333333,1,133.7,12,2.53333333333333,4,3.53333333333333,6
1,78,0,300,22.4374474118062,0.0747914913726875,0.219577996309565,0,0,59739.8209963546,2662.50522619255,53,213.033333333333,110,45.8666666666667,57,38.1,0.0273615659714956,104,95.8666666666667,72,68.8,3,0,0,132.5,70,145.666666666667,55,21.8333333333333,30
1,79,0,300,18.3064148477761,0.0610213828259205,0.124339759122631,0,0,30613.066045657,1672.25894858249,2,294.733333333333,2,2.26666666666667,0,0,0.0112194751506222,32,22.9333333333333,28,14.8333333333333,3,0,0,285.266666666667,32,8.96666666666667,13,5.76666666666667,10
1,80,0,300,6.87682587874327,0.0229227529291442,0.218553179902262,181.2,5,20929.6532307145,3043.50489597381,0,297,0,0,0,0,0.00437598313232014,45,34.0333333333333,25,19.4,3,188.2,6,38.1,35,61.6666666666667,36,12.0333333333333,19
